divertisement,Lato-Regular
Virginale,Lato-Regular
superregeneration,Lato-Regular
botryolite,Lato-Regular
hypergeometrical,Lato-Regular
biographical,Lato-Regular
conspiratory,Lato-Regular
eelspear,Lato-Regular
volcanicity,Lato-Regular
anarchosyndicalist,Lato-Regular
quaintness,Lato-Regular
sandaracin,Lato-Regular
incavation,Lato-Regular
phenomenality,Lato-Regular
athlete,Lato-Regular
glycuronic,Lato-Regular
endocoelar,Lato-Regular
polyglotted,Lato-Regular
avocate,Lato-Regular
elocutionist,Lato-Regular
fumy,Lato-Regular
unruined,Lato-Regular
phallaceous,Lato-Regular
warrantise,Lato-Regular
oralize,Lato-Regular
revealedly,Lato-Regular
overbought,Lato-Regular
whey,Lato-Regular
sweeper,Lato-Regular
Hepatica,Lato-Regular
reredos,Lato-Regular
antidynamic,Lato-Regular
felt,Lato-Regular
Hindu,Lato-Regular
azoxy,Lato-Regular
photocollographic,Lato-Regular
freight,Lato-Regular
atrip,Lato-Regular
subepithelial,Lato-Regular
Palaeonemertinea,Lato-Regular
scientism,Lato-Regular
ungallantness,Lato-Regular
truelove,Lato-Regular
voter,Lato-Regular
interpenetrant,Lato-Regular
dissolvableness,Lato-Regular
vituperative,Lato-Regular
trichomic,Lato-Regular
Bipont,Lato-Regular
seahound,Lato-Regular
Solpugides,Lato-Regular
otolaryngologist,Lato-Regular
enduringness,Lato-Regular
dispunitive,Lato-Regular
paranepionic,Lato-Regular
citramide,Lato-Regular
cherubically,Lato-Regular
strigilous,Lato-Regular
cloaked,Lato-Regular
predesirous,Lato-Regular
hexose,Lato-Regular
Heliornis,Lato-Regular
hetterly,Lato-Regular
Lilliputianize,Lato-Regular
acidophilous,Lato-Regular
bakupari,Lato-Regular
scratchingly,Lato-Regular
symposiacal,Lato-Regular
thaumasite,Lato-Regular
caliph,Lato-Regular
Commiphora,Lato-Regular
lochoperitonitis,Lato-Regular
clackety,Lato-Regular
etui,Lato-Regular
pterygotous,Lato-Regular
antitetanolysin,Lato-Regular
floristics,Lato-Regular
frivolousness,Lato-Regular
outmount,Lato-Regular
cleamer,Lato-Regular
vamped,Lato-Regular
schizocarpic,Lato-Regular
unsanctimoniously,Lato-Regular
oversystematic,Lato-Regular
folkright,Lato-Regular
Asterolepidae,Lato-Regular
summariness,Lato-Regular
ashet,Lato-Regular
graminivore,Lato-Regular
unprovable,Lato-Regular
uncontradictedly,Lato-Regular
Mniotiltidae,Lato-Regular
Rhodobacteriaceae,Lato-Regular
Ritchey,Lato-Regular
protactic,Lato-Regular
postfurcal,Lato-Regular
previgilant,Lato-Regular
perfunctorious,Lato-Regular
flocoon,Lato-Regular
Saccomyoidea,Lato-Regular
unlust,Lato-Regular
palaestrian,Lato-Regular
laziness,Lato-Regular
isometrical,Lato-Regular
cyclohexanone,Lato-Regular
pachyhaemous,Lato-Regular
bagpipes,Lato-Regular
proxenete,Lato-Regular
charitable,Lato-Regular
hexametrographer,Lato-Regular
techous,Lato-Regular
knotroot,Lato-Regular
geosynclinal,Lato-Regular
easterly,Lato-Regular
anterofixation,Lato-Regular
preclusive,Lato-Regular
retramp,Lato-Regular
disordered,Lato-Regular
confessedly,Lato-Regular
pinipicrin,Lato-Regular
stiltlike,Lato-Regular
pristane,Lato-Regular
colorist,Lato-Regular
azelaic,Lato-Regular
stainless,Lato-Regular
orthocresol,Lato-Regular
backwood,Lato-Regular
toyer,Lato-Regular
Zulinde,Lato-Regular
wigless,Lato-Regular
footprint,Lato-Regular
waspling,Lato-Regular
waremaker,Lato-Regular
Taonurus,Lato-Regular
laet,Lato-Regular
haplosis,Lato-Regular
underexcited,Lato-Regular
Neosalvarsan,Lato-Regular
Lucanidae,Lato-Regular
ovicellular,Lato-Regular
towned,Lato-Regular
bourock,Lato-Regular
thiophene,Lato-Regular
serratodentate,Lato-Regular
Eumycetes,Lato-Regular
ultranatural,Lato-Regular
Mahra,Lato-Regular
quadricyclist,Lato-Regular
citizenry,Lato-Regular
nonvascular,Lato-Regular
unretardable,Lato-Regular
fenlander,Lato-Regular
toro,Lato-Regular
arsenopyrite,Lato-Regular
uncollar,Lato-Regular
chameleonic,Lato-Regular
Phyllostachys,Lato-Regular
Pareiasaurus,Lato-Regular
dramaturgical,Lato-Regular
utter,Lato-Regular
ne,Lato-Regular
Cilician,Lato-Regular
proinjunction,Lato-Regular
praedial,Lato-Regular
subiodide,Lato-Regular
bepraise,Lato-Regular
cardiagram,Lato-Regular
noteless,Lato-Regular
irreformability,Lato-Regular
Whitsunday,Lato-Regular
brelaw,Lato-Regular
Therapsida,Lato-Regular
penorcon,Lato-Regular
trihedron,Lato-Regular
dimetric,Lato-Regular
oxysalt,Lato-Regular
hydrocarbonous,Lato-Regular
beydom,Lato-Regular
tuchit,Lato-Regular
cephalomancy,Lato-Regular
intercutaneous,Lato-Regular
chemicalization,Lato-Regular
astonishing,Lato-Regular
interrun,Lato-Regular
rami,Lato-Regular
reticently,Lato-Regular
vapography,Lato-Regular
produceableness,Lato-Regular
Adamitical,Lato-Regular
Geissoloma,Lato-Regular
hungry,Lato-Regular
decayless,Lato-Regular
contemperature,Lato-Regular
virginity,Lato-Regular
Amita,Lato-Regular
charwoman,Lato-Regular
overbowl,Lato-Regular
paleontography,Lato-Regular
Yemenic,Lato-Regular
markhor,Lato-Regular
pseudoemotional,LiberationSans-Regular
heii,LiberationSans-Regular
malthouse,LiberationSans-Regular
Elachista,LiberationSans-Regular
dallack,LiberationSans-Regular
apometabolous,LiberationSans-Regular
swarthy,LiberationSans-Regular
dispersant,LiberationSans-Regular
thesial,LiberationSans-Regular
axiation,LiberationSans-Regular
pillorize,LiberationSans-Regular
xiphisternum,LiberationSans-Regular
andronitis,LiberationSans-Regular
thapsia,LiberationSans-Regular
tetrad,LiberationSans-Regular
demeritoriously,LiberationSans-Regular
intramuralism,LiberationSans-Regular
francolite,LiberationSans-Regular
unexposable,LiberationSans-Regular
pigmentally,LiberationSans-Regular
craspedodromous,LiberationSans-Regular
pinnacle,LiberationSans-Regular
Geordie,LiberationSans-Regular
conversible,LiberationSans-Regular
bouffancy,LiberationSans-Regular
nonabstaining,LiberationSans-Regular
amethystine,LiberationSans-Regular
azotenesis,LiberationSans-Regular
dramaturgy,LiberationSans-Regular
punctilio,LiberationSans-Regular
mycetogenesis,LiberationSans-Regular
warfare,LiberationSans-Regular
fugler,LiberationSans-Regular
necessitate,LiberationSans-Regular
Thlaspi,LiberationSans-Regular
harmonizable,LiberationSans-Regular
zinc,LiberationSans-Regular
Typhlops,LiberationSans-Regular
balneary,LiberationSans-Regular
sentential,LiberationSans-Regular
diiodo,LiberationSans-Regular
quatercentenary,LiberationSans-Regular
potong,LiberationSans-Regular
unformed,LiberationSans-Regular
Malacocotylea,LiberationSans-Regular
Chuje,LiberationSans-Regular
danaide,LiberationSans-Regular
geneva,LiberationSans-Regular
virtuose,LiberationSans-Regular
decimate,LiberationSans-Regular
stinkbird,LiberationSans-Regular
plurilingualist,LiberationSans-Regular
seabeard,LiberationSans-Regular
pory,LiberationSans-Regular
overcreep,LiberationSans-Regular
inharmony,LiberationSans-Regular
immanity,LiberationSans-Regular
gleeful,LiberationSans-Regular
outtease,LiberationSans-Regular
blazoning,LiberationSans-Regular
testa,LiberationSans-Regular
shinaniging,LiberationSans-Regular
Etnean,LiberationSans-Regular
Crucianella,LiberationSans-Regular
antisialagogue,LiberationSans-Regular
magnetod,LiberationSans-Regular
Volapuker,LiberationSans-Regular
oyer,LiberationSans-Regular
antanemic,LiberationSans-Regular
bodybending,LiberationSans-Regular
tambourer,LiberationSans-Regular
wellness,LiberationSans-Regular
bewitchingly,LiberationSans-Regular
Suerre,LiberationSans-Regular
chiral,LiberationSans-Regular
sericeous,LiberationSans-Regular
frightener,LiberationSans-Regular
publication,LiberationSans-Regular
undepreciated,LiberationSans-Regular
clame,LiberationSans-Regular
troupand,LiberationSans-Regular
Ptolemaean,LiberationSans-Regular
confectionery,LiberationSans-Regular
Eurypteroidea,LiberationSans-Regular
unfill,LiberationSans-Regular
anagrams,LiberationSans-Regular
catpiece,LiberationSans-Regular
forewrought,LiberationSans-Regular
strew,LiberationSans-Regular
placoplast,LiberationSans-Regular
anodos,LiberationSans-Regular
outboast,LiberationSans-Regular
pythogenesis,LiberationSans-Regular
nunnated,LiberationSans-Regular
cheekless,LiberationSans-Regular
aerobiologically,LiberationSans-Regular
bacchant,LiberationSans-Regular
causativity,LiberationSans-Regular
unsigneted,LiberationSans-Regular
forcedly,LiberationSans-Regular
harka,LiberationSans-Regular
liverless,LiberationSans-Regular
refractometer,LiberationSans-Regular
smilelessness,LiberationSans-Regular
moted,LiberationSans-Regular
olecranon,LiberationSans-Regular
petardier,LiberationSans-Regular
progressional,LiberationSans-Regular
angularness,LiberationSans-Regular
turnicomorphic,LiberationSans-Regular
Dodonaeaceae,LiberationSans-Regular
isocyclic,LiberationSans-Regular
Mecklenburgian,LiberationSans-Regular
geoagronomic,LiberationSans-Regular
pentapetalous,LiberationSans-Regular
Batonga,LiberationSans-Regular
jowar,LiberationSans-Regular
flapdragon,LiberationSans-Regular
nonregenerating,LiberationSans-Regular
uncleverness,LiberationSans-Regular
superregenerative,LiberationSans-Regular
worldful,LiberationSans-Regular
luminescent,LiberationSans-Regular
literator,LiberationSans-Regular
Flora,LiberationSans-Regular
irrepairable,LiberationSans-Regular
babyship,LiberationSans-Regular
epitomize,LiberationSans-Regular
risk,LiberationSans-Regular
disastrousness,LiberationSans-Regular
cuckoopint,LiberationSans-Regular
aridly,LiberationSans-Regular
romanium,LiberationSans-Regular
banger,LiberationSans-Regular
befetter,LiberationSans-Regular
photointaglio,LiberationSans-Regular
ineloquently,LiberationSans-Regular
militarization,LiberationSans-Regular
Ootocoidea,LiberationSans-Regular
Varuna,LiberationSans-Regular
reprobacy,LiberationSans-Regular
hornlike,LiberationSans-Regular
Petiveriaceae,LiberationSans-Regular
Odocoileus,LiberationSans-Regular
metaphenylenediamin,LiberationSans-Regular
windbore,LiberationSans-Regular
gemmification,LiberationSans-Regular
schoolmastering,LiberationSans-Regular
bephrase,LiberationSans-Regular
dossman,LiberationSans-Regular
pyorrhea,LiberationSans-Regular
factorial,LiberationSans-Regular
pseudonitrosite,LiberationSans-Regular
unroot,LiberationSans-Regular
effluvial,LiberationSans-Regular
cryptozygosity,LiberationSans-Regular
erythrolysin,LiberationSans-Regular
prolabium,LiberationSans-Regular
maleficiate,LiberationSans-Regular
pothook,LiberationSans-Regular
definitize,LiberationSans-Regular
caliginous,LiberationSans-Regular
intradermal,LiberationSans-Regular
ghostly,LiberationSans-Regular
northwesterly,LiberationSans-Regular
magazinish,LiberationSans-Regular
oysterwoman,LiberationSans-Regular
Scleranthaceae,LiberationSans-Regular
superseminator,LiberationSans-Regular
atween,LiberationSans-Regular
morphine,LiberationSans-Regular
peccant,LiberationSans-Regular
interstitially,LiberationSans-Regular
untheatrical,LiberationSans-Regular
solaristically,LiberationSans-Regular
Vesiculata,LiberationSans-Regular
undertoned,LiberationSans-Regular
otorrhea,LiberationSans-Regular
Arecales,LiberationSans-Regular
acidosteophyte,LiberationSans-Regular
Hottentot,LiberationSans-Regular
picturableness,LiberationSans-Regular
acetmethylanilide,LiberationSans-Regular
heterometabolous,LiberationSans-Regular
ulotrichan,LiberationSans-Regular
valorousness,LiberationSans-Regular
jugation,LiberationSans-Regular
Shambala,LiberationSans-Regular
Casey,LiberationSans-Regular
Exarchic,LiberationSans-Regular
cystoptosis,LiberationSans-Regular
gingerade,LiberationSans-Regular
dreariment,LiberationSans-Regular
cosmetician,LiberationSans-Regular
streptobacillus,LiberationSans-Regular
Zirianian,LiberationSans-Regular
hydrosalt,LiberationSans-Regular
objectioner,LiberationSans-Regular
supradorsal,LiberationSans-Regular
proenzyme,LiberationSans-Regular
thevetin,LiberationSerif-Regular
task,LiberationSerif-Regular
decapitation,LiberationSerif-Regular
cyanurate,LiberationSerif-Regular
Apinae,LiberationSerif-Regular
lifelessly,LiberationSerif-Regular
zinnwaldite,LiberationSerif-Regular
semiperimeter,LiberationSerif-Regular
incommodity,LiberationSerif-Regular
refugee,LiberationSerif-Regular
ozonous,LiberationSerif-Regular
hinderest,LiberationSerif-Regular
minoress,LiberationSerif-Regular
intraperitoneal,LiberationSerif-Regular
paleophytic,LiberationSerif-Regular
twelvepenny,LiberationSerif-Regular
syncline,LiberationSerif-Regular
interflange,LiberationSerif-Regular
cellae,LiberationSerif-Regular
knick,LiberationSerif-Regular
build,LiberationSerif-Regular
antipodic,LiberationSerif-Regular
gummite,LiberationSerif-Regular
archmonarchist,LiberationSerif-Regular
lifeward,LiberationSerif-Regular
botched,LiberationSerif-Regular
hin,LiberationSerif-Regular
salmonoid,LiberationSerif-Regular
dawn,LiberationSerif-Regular
triammonium,LiberationSerif-Regular
upgird,LiberationSerif-Regular
polynaphthene,LiberationSerif-Regular
fetiales,LiberationSerif-Regular
unwakeful,LiberationSerif-Regular
papain,LiberationSerif-Regular
offscourer,LiberationSerif-Regular
deceptivity,LiberationSerif-Regular
unscratched,LiberationSerif-Regular
stambha,LiberationSerif-Regular
unapportioned,LiberationSerif-Regular
unrobe,LiberationSerif-Regular
lobbyism,LiberationSerif-Regular
Acrididae,LiberationSerif-Regular
acrocontracture,LiberationSerif-Regular
linesman,LiberationSerif-Regular
subcorporation,LiberationSerif-Regular
outgabble,LiberationSerif-Regular
delacrimation,LiberationSerif-Regular
nolleity,LiberationSerif-Regular
ellipticalness,LiberationSerif-Regular
bencher,LiberationSerif-Regular
damine,LiberationSerif-Regular
wolver,LiberationSerif-Regular
Protestantly,LiberationSerif-Regular
cheve,LiberationSerif-Regular
nucleary,LiberationSerif-Regular
overbark,LiberationSerif-Regular
natiform,LiberationSerif-Regular
nephrorrhaphy,LiberationSerif-Regular
immoral,LiberationSerif-Regular
karyopyknosis,LiberationSerif-Regular
moonack,LiberationSerif-Regular
Gomontia,LiberationSerif-Regular
nonaseptic,LiberationSerif-Regular
bakie,LiberationSerif-Regular
pseudosquamate,LiberationSerif-Regular
husbandfield,LiberationSerif-Regular
coerciveness,LiberationSerif-Regular
adiposis,LiberationSerif-Regular
citydom,LiberationSerif-Regular
uncautious,LiberationSerif-Regular
ghoulishness,LiberationSerif-Regular
Cercopithecidae,LiberationSerif-Regular
spacy,LiberationSerif-Regular
apotelesmatic,LiberationSerif-Regular
pyla,LiberationSerif-Regular
stochastically,LiberationSerif-Regular
subventral,LiberationSerif-Regular
noninfectious,LiberationSerif-Regular
crunt,LiberationSerif-Regular
courser,LiberationSerif-Regular
deserver,LiberationSerif-Regular
stare,LiberationSerif-Regular
porism,LiberationSerif-Regular
flustrine,LiberationSerif-Regular
bullneck,LiberationSerif-Regular
endiaper,LiberationSerif-Regular
artificer,LiberationSerif-Regular
fistmele,LiberationSerif-Regular
comfit,LiberationSerif-Regular
moellon,LiberationSerif-Regular
cotonier,LiberationSerif-Regular
untrustworthily,LiberationSerif-Regular
undepending,LiberationSerif-Regular
ural,LiberationSerif-Regular
Longobard,LiberationSerif-Regular
deceive,LiberationSerif-Regular
jaspilite,LiberationSerif-Regular
pancosmist,LiberationSerif-Regular
splenadenoma,LiberationSerif-Regular
Paddy,LiberationSerif-Regular
poussette,LiberationSerif-Regular
misthread,LiberationSerif-Regular
Angoumian,LiberationSerif-Regular
autopathography,LiberationSerif-Regular
contemptful,LiberationSerif-Regular
terrar,LiberationSerif-Regular
counterbattery,LiberationSerif-Regular
paleopsychic,LiberationSerif-Regular
fairyship,LiberationSerif-Regular
phototaxy,LiberationSerif-Regular
unexuberant,LiberationSerif-Regular
whelky,LiberationSerif-Regular
finchery,LiberationSerif-Regular
factive,LiberationSerif-Regular
lactifical,LiberationSerif-Regular
desperadoism,LiberationSerif-Regular
mesmeromaniac,LiberationSerif-Regular
Kling,LiberationSerif-Regular
unformalized,LiberationSerif-Regular
Holosteum,LiberationSerif-Regular
insolate,LiberationSerif-Regular
Cerebratulus,LiberationSerif-Regular
totteringly,LiberationSerif-Regular
lestobiotic,LiberationSerif-Regular
exchangeably,LiberationSerif-Regular
shellacking,LiberationSerif-Regular
blowings,LiberationSerif-Regular
preconquest,LiberationSerif-Regular
repaste,LiberationSerif-Regular
upstate,LiberationSerif-Regular
siphonostely,LiberationSerif-Regular
perscent,LiberationSerif-Regular
accusatival,LiberationSerif-Regular
ununifiable,LiberationSerif-Regular
quackism,LiberationSerif-Regular
virulence,LiberationSerif-Regular
saltfoot,LiberationSerif-Regular
stomatomalacia,LiberationSerif-Regular
palatodental,LiberationSerif-Regular
vinous,LiberationSerif-Regular
preloral,LiberationSerif-Regular
snobbishness,LiberationSerif-Regular
Dominick,LiberationSerif-Regular
manducable,LiberationSerif-Regular
tridimensioned,LiberationSerif-Regular
evasion,LiberationSerif-Regular
aeroyacht,LiberationSerif-Regular
granddaddy,LiberationSerif-Regular
touchbell,LiberationSerif-Regular
bostangi,LiberationSerif-Regular
hetmanship,LiberationSerif-Regular
instauration,LiberationSerif-Regular
Sabbatical,LiberationSerif-Regular
whimstone,LiberationSerif-Regular
pyrenic,LiberationSerif-Regular
seismomicrophone,LiberationSerif-Regular
flaxseed,LiberationSerif-Regular
pseudopopular,LiberationSerif-Regular
peritenon,LiberationSerif-Regular
unorganic,LiberationSerif-Regular
Sclerodermi,LiberationSerif-Regular
hotelier,LiberationSerif-Regular
dioxy,LiberationSerif-Regular
puddinghouse,LiberationSerif-Regular
dermopathic,LiberationSerif-Regular
bioprecipitation,LiberationSerif-Regular
appetitive,LiberationSerif-Regular
parsonical,LiberationSerif-Regular
mispay,LiberationSerif-Regular
vertilinear,LiberationSerif-Regular
befrounce,LiberationSerif-Regular
goatsfoot,LiberationSerif-Regular
kedgeree,LiberationSerif-Regular
sutile,LiberationSerif-Regular
Asha,LiberationSerif-Regular
preobjective,LiberationSerif-Regular
melonmonger,LiberationSerif-Regular
blithemeat,LiberationSerif-Regular
phulkari,LiberationSerif-Regular
Cyril,LiberationSerif-Regular
Sagittid,LiberationSerif-Regular
subprovincial,LiberationSerif-Regular
Leposternon,LiberationSerif-Regular
launcher,LiberationSerif-Regular
unascended,LiberationSerif-Regular
fibrilled,LiberationSerif-Regular
apractic,LiberationSerif-Regular
disharmonical,LiberationSerif-Regular
sensoparalysis,LiberationSerif-Regular
anisometrope,LiberationSerif-Regular
pentecostalist,LiberationSerif-Regular
democrat,LiberationSerif-Regular
monogonoporous,LiberationSerif-Regular
impenetrative,LiberationSerif-Regular
aristate,LiberationSerif-Regular
charivari,LiberationSerif-Regular
ferreous,LiberationSerif-Regular
lymphocystosis,LiberationSerif-Regular
discompliance,LiberationSerif-Regular
