id,word,label
0,dreariment,LiberationSans-Regular
1,etui,Lato-Regular
2,hexametrographer,Lato-Regular
3,bewitchingly,LiberationSans-Regular
4,cotonier,LiberationSerif-Regular
5,superseminator,LiberationSans-Regular
6,monogonoporous,LiberationSerif-Regular
7,cyclohexanone,Lato-Regular
8,glycuronic,Lato-Regular
9,demeritoriously,LiberationSans-Regular
10,antitetanolysin,Lato-Regular
11,refractometer,LiberationSans-Regular
12,hornlike,LiberationSans-Regular
13,intradermal,LiberationSans-Regular
14,Neosalvarsan,Lato-Regular
15,outmount,Lato-Regular
16,summariness,Lato-Regular
17,moellon,LiberationSerif-Regular
18,ferreous,LiberationSerif-Regular
19,pigmentally,LiberationSans-Regular
20,knotroot,Lato-Regular
21,Mahra,Lato-Regular
22,terrar,LiberationSerif-Regular
23,solaristically,LiberationSans-Regular
24,Chuje,LiberationSans-Regular
25,Casey,LiberationSans-Regular
26,Apinae,LiberationSerif-Regular
27,superregeneration,Lato-Regular
28,vamped,Lato-Regular
29,Ritchey,Lato-Regular
30,artificer,LiberationSerif-Regular
31,revealedly,Lato-Regular
32,bepraise,Lato-Regular
33,peritenon,LiberationSerif-Regular
34,undertoned,LiberationSans-Regular
35,factive,LiberationSerif-Regular
36,stare,LiberationSerif-Regular
37,noteless,Lato-Regular
38,befrounce,LiberationSerif-Regular
39,uncautious,LiberationSerif-Regular
40,troupand,LiberationSans-Regular
41,autopathography,LiberationSerif-Regular
42,trichomic,Lato-Regular
43,craspedodromous,LiberationSans-Regular
44,antipodic,LiberationSerif-Regular
45,bostangi,LiberationSerif-Regular
46,unfill,LiberationSans-Regular
47,pseudopopular,LiberationSerif-Regular
48,sandaracin,Lato-Regular
49,whelky,LiberationSerif-Regular
50,Protestantly,LiberationSerif-Regular
51,ulotrichan,LiberationSans-Regular
52,bullneck,LiberationSerif-Regular
53,phulkari,LiberationSerif-Regular
54,wellness,LiberationSans-Regular
55,subcorporation,LiberationSerif-Regular
56,Mecklenburgian,LiberationSans-Regular
57,Leposternon,LiberationSerif-Regular
58,enduringness,Lato-Regular
59,pyla,LiberationSerif-Regular
60,cystoptosis,LiberationSans-Regular
61,disastrousness,LiberationSans-Regular
62,Whitsunday,Lato-Regular
63,clackety,Lato-Regular
64,Bipont,Lato-Regular
65,undepreciated,LiberationSans-Regular
66,dioxy,LiberationSerif-Regular
67,moonack,LiberationSerif-Regular
68,siphonostely,LiberationSerif-Regular
69,endiaper,LiberationSerif-Regular
70,pachyhaemous,Lato-Regular
71,vinous,LiberationSerif-Regular
72,misthread,LiberationSerif-Regular
73,Suerre,LiberationSans-Regular
74,graminivore,Lato-Regular
75,markhor,Lato-Regular
76,crunt,LiberationSerif-Regular
77,stochastically,LiberationSerif-Regular
78,jowar,LiberationSans-Regular
79,supradorsal,LiberationSans-Regular
80,interstitially,LiberationSans-Regular
81,isocyclic,LiberationSans-Regular
82,colorist,Lato-Regular
83,parsonical,LiberationSerif-Regular
84,cyanurate,LiberationSerif-Regular
85,unascended,LiberationSerif-Regular
86,Hepatica,Lato-Regular
87,serratodentate,Lato-Regular
88,photocollographic,Lato-Regular
89,harka,LiberationSans-Regular
90,causativity,LiberationSans-Regular
91,photointaglio,LiberationSans-Regular
92,Cercopithecidae,LiberationSerif-Regular
93,Odocoileus,LiberationSans-Regular
94,schoolmastering,LiberationSans-Regular
95,Batonga,LiberationSans-Regular
96,zinc,LiberationSans-Regular
97,phallaceous,Lato-Regular
98,brelaw,Lato-Regular
99,avocate,Lato-Regular
100,decayless,Lato-Regular
101,Taonurus,Lato-Regular
102,gummite,LiberationSerif-Regular
103,thiophene,Lato-Regular
104,apractic,LiberationSerif-Regular
105,truelove,Lato-Regular
106,proenzyme,LiberationSans-Regular
107,anterofixation,Lato-Regular
108,insolate,LiberationSerif-Regular
109,Cyril,LiberationSerif-Regular
110,symposiacal,Lato-Regular
111,virtuose,LiberationSans-Regular
112,techous,Lato-Regular
113,overbought,Lato-Regular
114,upstate,LiberationSerif-Regular
115,oyer,LiberationSans-Regular
116,Eurypteroidea,LiberationSans-Regular
117,bouffancy,LiberationSans-Regular
118,blithemeat,LiberationSerif-Regular
119,bephrase,LiberationSans-Regular
120,undepending,LiberationSerif-Regular
121,volcanicity,Lato-Regular
122,gleeful,LiberationSans-Regular
123,moted,LiberationSans-Regular
124,fetiales,LiberationSerif-Regular
125,effluvial,LiberationSans-Regular
126,unsanctimoniously,Lato-Regular
127,risk,LiberationSans-Regular
128,trihedron,Lato-Regular
129,intercutaneous,Lato-Regular
130,arsenopyrite,Lato-Regular
131,manducable,LiberationSerif-Regular
132,finchery,LiberationSerif-Regular
133,preconquest,LiberationSerif-Regular
134,erythrolysin,LiberationSans-Regular
135,stiltlike,Lato-Regular
136,nucleary,LiberationSerif-Regular
137,Geordie,LiberationSans-Regular
138,repaste,LiberationSerif-Regular
139,hydrosalt,LiberationSans-Regular
140,democrat,LiberationSerif-Regular
141,build,LiberationSerif-Regular
142,penorcon,Lato-Regular
143,postfurcal,Lato-Regular
144,floristics,Lato-Regular
145,apotelesmatic,LiberationSerif-Regular
146,flocoon,Lato-Regular
147,Lilliputianize,Lato-Regular
148,immoral,LiberationSerif-Regular
149,disordered,Lato-Regular
150,pythogenesis,LiberationSans-Regular
151,objectioner,LiberationSans-Regular
152,backwood,Lato-Regular
153,bakie,LiberationSerif-Regular
154,pothook,LiberationSans-Regular
155,unwakeful,LiberationSerif-Regular
156,conversible,LiberationSans-Regular
157,knick,LiberationSerif-Regular
158,seahound,Lato-Regular
159,lifelessly,LiberationSerif-Regular
160,pseudoemotional,LiberationSans-Regular
161,husbandfield,LiberationSerif-Regular
162,antisialagogue,LiberationSans-Regular
163,dimetric,Lato-Regular
164,smilelessness,LiberationSans-Regular
165,untrustworthily,LiberationSerif-Regular
166,charwoman,Lato-Regular
167,Zulinde,Lato-Regular
168,sentential,LiberationSans-Regular
169,acetmethylanilide,LiberationSans-Regular
170,Ptolemaean,LiberationSans-Regular
171,preobjective,LiberationSerif-Regular
172,unroot,LiberationSans-Regular
173,worldful,LiberationSans-Regular
174,divertisement,Lato-Regular
175,strigilous,Lato-Regular
176,spacy,LiberationSerif-Regular
177,paleophytic,LiberationSerif-Regular
178,dawn,LiberationSerif-Regular
179,confessedly,Lato-Regular
180,sutile,LiberationSerif-Regular
181,pillorize,LiberationSans-Regular
182,anarchosyndicalist,Lato-Regular
183,warrantise,Lato-Regular
184,retramp,Lato-Regular
185,Palaeonemertinea,Lato-Regular
186,subventral,LiberationSerif-Regular
187,Dodonaeaceae,LiberationSans-Regular
188,publication,LiberationSans-Regular
189,pinipicrin,Lato-Regular
190,hydrocarbonous,Lato-Regular
191,touchbell,LiberationSerif-Regular
192,Etnean,LiberationSans-Regular
193,thaumasite,Lato-Regular
194,waspling,Lato-Regular
195,unorganic,LiberationSerif-Regular
196,potong,LiberationSans-Regular
197,literator,LiberationSans-Regular
198,romanium,LiberationSans-Regular
199,decapitation,LiberationSerif-Regular
200,lymphocystosis,LiberationSerif-Regular
201,jaspilite,LiberationSerif-Regular
202,perscent,LiberationSerif-Regular
203,befetter,LiberationSans-Regular
204,otolaryngologist,Lato-Regular
205,cellae,LiberationSerif-Regular
206,proinjunction,Lato-Regular
207,citizenry,Lato-Regular
208,windbore,LiberationSans-Regular
209,cardiagram,Lato-Regular
210,comfit,LiberationSerif-Regular
211,warfare,LiberationSans-Regular
212,porism,LiberationSerif-Regular
213,antidynamic,Lato-Regular
214,deserver,LiberationSerif-Regular
215,testa,LiberationSans-Regular
216,Vesiculata,LiberationSans-Regular
217,streptobacillus,LiberationSans-Regular
218,seabeard,LiberationSans-Regular
219,olecranon,LiberationSans-Regular
220,subepithelial,Lato-Regular
221,anisometrope,LiberationSerif-Regular
222,geneva,LiberationSans-Regular
223,pyorrhea,LiberationSans-Regular
224,Arecales,LiberationSans-Regular
225,footprint,Lato-Regular
226,overbark,LiberationSerif-Regular
227,oversystematic,Lato-Regular
228,Gomontia,LiberationSerif-Regular
229,fistmele,LiberationSerif-Regular
230,intraperitoneal,LiberationSerif-Regular
231,incommodity,LiberationSerif-Regular
232,vertilinear,LiberationSerif-Regular
233,tridimensioned,LiberationSerif-Regular
234,seismomicrophone,LiberationSerif-Regular
235,cheve,LiberationSerif-Regular
236,puddinghouse,LiberationSerif-Regular
237,stambha,LiberationSerif-Regular
238,deceive,LiberationSerif-Regular
239,salmonoid,LiberationSerif-Regular
240,semiperimeter,LiberationSerif-Regular
241,heterometabolous,LiberationSans-Regular
242,cosmetician,LiberationSans-Regular
243,liverless,LiberationSans-Regular
244,flaxseed,LiberationSerif-Regular
245,Geissoloma,Lato-Regular
246,lactifical,LiberationSerif-Regular
247,isometrical,Lato-Regular
248,Cilician,Lato-Regular
249,easterly,Lato-Regular
250,Cerebratulus,LiberationSerif-Regular
251,morphine,LiberationSans-Regular
252,unruined,Lato-Regular
253,azoxy,Lato-Regular
254,Pareiasaurus,Lato-Regular
255,Yemenic,Lato-Regular
256,dallack,LiberationSans-Regular
257,hungry,Lato-Regular
258,endocoelar,Lato-Regular
259,subiodide,Lato-Regular
260,fenlander,Lato-Regular
261,progressional,LiberationSans-Regular
262,Eumycetes,Lato-Regular
263,immanity,LiberationSans-Regular
264,Kling,LiberationSerif-Regular
265,thesial,LiberationSans-Regular
266,uncleverness,LiberationSans-Regular
267,minoress,LiberationSerif-Regular
268,scientism,Lato-Regular
269,sweeper,Lato-Regular
270,flustrine,LiberationSerif-Regular
271,jugation,LiberationSans-Regular
272,acidophilous,Lato-Regular
273,Heliornis,Lato-Regular
274,harmonizable,LiberationSans-Regular
275,shinaniging,LiberationSans-Regular
276,northwesterly,LiberationSans-Regular
277,incavation,Lato-Regular
278,Sclerodermi,LiberationSerif-Regular
279,perfunctorious,Lato-Regular
280,geoagronomic,LiberationSans-Regular
281,ghostly,LiberationSans-Regular
282,discompliance,LiberationSerif-Regular
283,unretardable,Lato-Regular
284,oysterwoman,LiberationSans-Regular
285,charivari,LiberationSerif-Regular
286,protactic,Lato-Regular
287,Exarchic,LiberationSans-Regular
288,mesmeromaniac,LiberationSerif-Regular
289,luminescent,LiberationSans-Regular
290,produceableness,Lato-Regular
291,melonmonger,LiberationSerif-Regular
292,fumy,Lato-Regular
293,Asha,LiberationSerif-Regular
294,peccant,LiberationSans-Regular
295,orthocresol,Lato-Regular
296,quaintness,Lato-Regular
297,charitable,Lato-Regular
298,unformalized,LiberationSerif-Regular
299,aeroyacht,LiberationSerif-Regular
300,fairyship,LiberationSerif-Regular
301,sensoparalysis,LiberationSerif-Regular
302,tetrad,LiberationSans-Regular
303,linesman,LiberationSerif-Regular
304,accusatival,LiberationSerif-Regular
305,phenomenality,Lato-Regular
306,cheekless,LiberationSans-Regular
307,whimstone,LiberationSerif-Regular
308,ural,LiberationSerif-Regular
309,lestobiotic,LiberationSerif-Regular
310,counterbattery,LiberationSerif-Regular
311,refugee,LiberationSerif-Regular
312,nonregenerating,LiberationSans-Regular
313,ellipticalness,LiberationSerif-Regular
314,interflange,LiberationSerif-Regular
315,Ootocoidea,LiberationSans-Regular
316,oralize,Lato-Regular
317,bioprecipitation,LiberationSerif-Regular
318,hotelier,LiberationSerif-Regular
319,thapsia,LiberationSans-Regular
320,pseudosquamate,LiberationSerif-Regular
321,nunnated,LiberationSans-Regular
322,instauration,LiberationSerif-Regular
323,pentecostalist,LiberationSerif-Regular
324,astonishing,Lato-Regular
325,syncline,LiberationSerif-Regular
326,virulence,LiberationSerif-Regular
327,factorial,LiberationSans-Regular
328,thevetin,LiberationSerif-Regular
329,necessitate,LiberationSans-Regular
330,apometabolous,LiberationSans-Regular
331,twelvepenny,LiberationSerif-Regular
332,outboast,LiberationSans-Regular
333,cherubically,Lato-Regular
334,Sabbatical,LiberationSerif-Regular
335,ununifiable,LiberationSerif-Regular
336,chameleonic,Lato-Regular
337,antanemic,LiberationSans-Regular
338,forcedly,LiberationSans-Regular
339,upgird,LiberationSerif-Regular
340,atrip,Lato-Regular
341,papain,LiberationSerif-Regular
342,sericeous,LiberationSans-Regular
343,oxysalt,Lato-Regular
344,splenadenoma,LiberationSerif-Regular
345,polynaphthene,LiberationSerif-Regular
346,stomatomalacia,LiberationSerif-Regular
347,aridly,LiberationSans-Regular
348,interpenetrant,Lato-Regular
349,toro,Lato-Regular
350,unprovable,Lato-Regular
351,preclusive,Lato-Regular
352,atween,LiberationSans-Regular
353,nonaseptic,LiberationSerif-Regular
354,toyer,Lato-Regular
355,damine,LiberationSerif-Regular
356,Therapsida,Lato-Regular
357,dissolvableness,Lato-Regular
358,Elachista,LiberationSans-Regular
359,totteringly,LiberationSerif-Regular
360,poussette,LiberationSerif-Regular
361,offscourer,LiberationSerif-Regular
362,hin,LiberationSerif-Regular
363,valorousness,LiberationSans-Regular
364,goatsfoot,LiberationSerif-Regular
365,laet,Lato-Regular
366,ashet,Lato-Regular
367,dispunitive,Lato-Regular
368,citramide,Lato-Regular
369,hinderest,LiberationSerif-Regular
370,hexose,Lato-Regular
371,coerciveness,LiberationSerif-Regular
372,palatodental,LiberationSerif-Regular
373,Volapuker,LiberationSans-Regular
374,malthouse,LiberationSans-Regular
375,Thlaspi,LiberationSans-Regular
376,beydom,Lato-Regular
377,eelspear,Lato-Regular
378,phototaxy,LiberationSerif-Regular
379,subprovincial,LiberationSerif-Regular
380,confectionery,LiberationSans-Regular
381,paleopsychic,LiberationSerif-Regular
382,Asterolepidae,Lato-Regular
383,anodos,LiberationSans-Regular
384,maleficiate,LiberationSans-Regular
385,unrobe,LiberationSerif-Regular
386,hetterly,Lato-Regular
387,diiodo,LiberationSans-Regular
388,granddaddy,LiberationSerif-Regular
389,quackism,LiberationSerif-Regular
390,paranepionic,Lato-Regular
391,Mniotiltidae,Lato-Regular
392,definitize,LiberationSans-Regular
393,Malacocotylea,LiberationSans-Regular
394,impenetrative,LiberationSerif-Regular
395,wolver,LiberationSerif-Regular
396,catpiece,LiberationSans-Regular
397,Rhodobacteriaceae,Lato-Regular
398,tambourer,LiberationSans-Regular
399,Virginale,Lato-Regular
400,botryolite,Lato-Regular
401,pory,LiberationSans-Regular
402,Commiphora,Lato-Regular
403,triammonium,LiberationSerif-Regular
404,task,LiberationSerif-Regular
405,kedgeree,LiberationSerif-Regular
406,haplosis,Lato-Regular
407,launcher,LiberationSerif-Regular
408,unexposable,LiberationSans-Regular
409,gemmification,LiberationSans-Regular
410,polyglotted,Lato-Regular
411,paleontography,Lato-Regular
412,magazinish,LiberationSans-Regular
413,clame,LiberationSans-Regular
414,caliginous,LiberationSans-Regular
415,Longobard,LiberationSerif-Regular
416,aristate,LiberationSerif-Regular
417,voter,Lato-Regular
418,pyrenic,LiberationSerif-Regular
419,dermopathic,LiberationSerif-Regular
420,contemperature,Lato-Regular
421,preloral,LiberationSerif-Regular
422,cleamer,Lato-Regular
423,banger,LiberationSans-Regular
424,petardier,LiberationSans-Regular
425,pseudonitrosite,LiberationSans-Regular
426,cloaked,Lato-Regular
427,Dominick,LiberationSerif-Regular
428,snobbishness,LiberationSerif-Regular
429,citydom,LiberationSerif-Regular
430,nolleity,LiberationSerif-Regular
431,untheatrical,LiberationSans-Regular
432,ineloquently,LiberationSans-Regular
433,whey,Lato-Regular
434,axiation,LiberationSans-Regular
435,decimate,LiberationSans-Regular
436,previgilant,Lato-Regular
437,pinnacle,LiberationSans-Regular
438,ne,Lato-Regular
439,inharmony,LiberationSans-Regular
440,blazoning,LiberationSans-Regular
441,fugler,LiberationSans-Regular
442,cephalomancy,Lato-Regular
443,Adamitical,Lato-Regular
444,towned,Lato-Regular
445,lobbyism,LiberationSerif-Regular
446,Solpugides,Lato-Regular
447,francolite,LiberationSans-Regular
448,amethystine,LiberationSans-Regular
449,Holosteum,LiberationSerif-Regular
450,mycetogenesis,LiberationSans-Regular
451,Saccomyoidea,Lato-Regular
452,athlete,Lato-Regular
453,cuckoopint,LiberationSans-Regular
454,quatercentenary,LiberationSans-Regular
455,babyship,LiberationSans-Regular
456,unexuberant,LiberationSerif-Regular
457,schizocarpic,Lato-Regular
458,forewrought,LiberationSans-Regular
459,nonvascular,Lato-Regular
460,utter,Lato-Regular
461,stainless,Lato-Regular
462,adiposis,LiberationSerif-Regular
463,Amita,Lato-Regular
464,ghoulishness,LiberationSerif-Regular
465,desperadoism,LiberationSerif-Regular
466,nephrorrhaphy,LiberationSerif-Regular
467,delacrimation,LiberationSerif-Regular
468,dramaturgy,LiberationSans-Regular
469,bodybending,LiberationSans-Regular
470,azotenesis,LiberationSans-Regular
471,overcreep,LiberationSans-Regular
472,mispay,LiberationSerif-Regular
473,prolabium,LiberationSans-Regular
474,lifeward,LiberationSerif-Regular
475,Zirianian,LiberationSans-Regular
476,praedial,Lato-Regular
477,dispersant,LiberationSans-Regular
478,acrocontracture,LiberationSerif-Regular
479,ultranatural,Lato-Regular
480,frightener,LiberationSans-Regular
481,bacchant,LiberationSans-Regular
482,waremaker,Lato-Regular
483,unsigneted,LiberationSans-Regular
484,reprobacy,LiberationSans-Regular
485,natiform,LiberationSerif-Regular
486,irrepairable,LiberationSans-Regular
487,unapportioned,LiberationSerif-Regular
488,anagrams,LiberationSans-Regular
489,balneary,LiberationSans-Regular
490,punctilio,LiberationSans-Regular
491,danaide,LiberationSans-Regular
492,pterygotous,Lato-Regular
493,bakupari,Lato-Regular
494,Hottentot,LiberationSans-Regular
495,Angoumian,LiberationSerif-Regular
496,superregenerative,LiberationSans-Regular
497,unlust,Lato-Regular
498,intramuralism,LiberationSans-Regular
499,cryptozygosity,LiberationSans-Regular
500,strew,LiberationSans-Regular
501,xiphisternum,LiberationSans-Regular
502,predesirous,Lato-Regular
503,reredos,Lato-Regular
504,metaphenylenediamin,LiberationSans-Regular
505,flapdragon,LiberationSans-Regular
506,magnetod,LiberationSans-Regular
507,interrun,Lato-Regular
508,outgabble,LiberationSerif-Regular
509,picturableness,LiberationSans-Regular
510,militarization,LiberationSans-Regular
511,unformed,LiberationSans-Regular
512,biographical,Lato-Regular
513,placoplast,LiberationSans-Regular
514,otorrhea,LiberationSans-Regular
515,evasion,LiberationSerif-Regular
516,courser,LiberationSerif-Regular
517,Shambala,LiberationSans-Regular
518,caliph,Lato-Regular
519,saltfoot,LiberationSerif-Regular
520,proxenete,Lato-Regular
521,bencher,LiberationSerif-Regular
522,vituperative,Lato-Regular
523,rami,Lato-Regular
524,felt,Lato-Regular
525,zinnwaldite,LiberationSerif-Regular
526,Scleranthaceae,LiberationSans-Regular
527,appetitive,LiberationSerif-Regular
528,Lucanidae,Lato-Regular
529,ozonous,LiberationSerif-Regular
530,uncontradictedly,Lato-Regular
531,heii,LiberationSans-Regular
532,chiral,LiberationSans-Regular
533,pancosmist,LiberationSerif-Regular
534,pentapetalous,LiberationSans-Regular
535,virginity,Lato-Regular
536,Petiveriaceae,LiberationSans-Regular
537,unscratched,LiberationSerif-Regular
538,bagpipes,Lato-Regular
539,uncollar,Lato-Regular
540,overbowl,Lato-Regular
541,Varuna,LiberationSans-Regular
542,turnicomorphic,LiberationSans-Regular
543,scratchingly,Lato-Regular
544,hypergeometrical,Lato-Regular
545,Crucianella,LiberationSans-Regular
546,outtease,LiberationSans-Regular
547,aerobiologically,LiberationSans-Regular
548,frivolousness,Lato-Regular
549,disharmonical,LiberationSerif-Regular
550,palaestrian,Lato-Regular
551,dossman,LiberationSans-Regular
552,tuchit,Lato-Regular
553,Phyllostachys,Lato-Regular
554,contemptful,LiberationSerif-Regular
555,archmonarchist,LiberationSerif-Regular
556,elocutionist,Lato-Regular
557,conspiratory,Lato-Regular
558,bourock,Lato-Regular
559,freight,Lato-Regular
560,Hindu,Lato-Regular
561,acidosteophyte,LiberationSans-Regular
562,lochoperitonitis,Lato-Regular
563,Sagittid,LiberationSerif-Regular
564,chemicalization,Lato-Regular
565,reticently,Lato-Regular
566,deceptivity,LiberationSerif-Regular
567,dramaturgical,Lato-Regular
568,karyopyknosis,LiberationSerif-Regular
569,Flora,LiberationSans-Regular
570,epitomize,LiberationSans-Regular
571,folkright,Lato-Regular
572,geosynclinal,Lato-Regular
573,hetmanship,LiberationSerif-Regular
574,ovicellular,Lato-Regular
575,angularness,LiberationSans-Regular
576,botched,LiberationSerif-Regular
577,blowings,LiberationSerif-Regular
578,shellacking,LiberationSerif-Regular
579,Typhlops,LiberationSans-Regular
580,fibrilled,LiberationSerif-Regular
581,gingerade,LiberationSans-Regular
582,azelaic,Lato-Regular
583,exchangeably,LiberationSerif-Regular
584,swarthy,LiberationSans-Regular
585,quadricyclist,Lato-Regular
586,noninfectious,LiberationSerif-Regular
587,irreformability,Lato-Regular
588,stinkbird,LiberationSans-Regular
589,laziness,Lato-Regular
590,Paddy,LiberationSerif-Regular
591,Acrididae,LiberationSerif-Regular
592,wigless,Lato-Regular
593,nonabstaining,LiberationSans-Regular
594,plurilingualist,LiberationSans-Regular
595,ungallantness,Lato-Regular
596,underexcited,Lato-Regular
597,vapography,Lato-Regular
598,andronitis,LiberationSans-Regular
599,pristane,Lato-Regular
